{"mtx": [[1293.4165716595971, 0.0, 575.8649642943616], [0.0, 1287.9650697526286, 641.087759052224], [0.0, 0.0, 1.0]], "dist": [[-0.19036557242125948, 0.38302299107085774, 0.003207701086809593, -0.004008264045617459, -0.4329324810761081]], "rvecs": [[[0.4932109815498591], [-0.1363101577750089], [1.5696275221625753]], [[0.5216083743740076], [-0.19089034186691034], [1.566744139823731]], [[0.5872752236193273], [0.4542498262835544], [-1.6302871203688825]], [[0.5946007561117814], [0.4645387368511686], [-1.6236402267320245]], [[0.6006381723981039], [0.4750915092713568], [-1.6177884110747727]], [[0.6043505141349367], [0.487088223730649], [-1.6111188142321946]], [[0.6037071292546935], [0.4563458976772985], [-1.5950330461574456]], [[0.5983671707107813], [0.4427445044959577], [-1.5970203087644492]], [[0.5906539347493629], [0.4290420713597183], [-1.601767991066736]], [[0.582750547939064], [0.415124306522972], [-1.6078880799442878]], [[0.5726604086089458], [0.40125366786527306], [-1.6148820801700032]], [[0.5591704119660341], [0.3908033386840072], [-1.622587051401674]], [[0.13885506512655668], [0.010548642411432102], [-1.6579918858414084]], [[0.1338728069758912], [0.016802868261136743], [-1.657639301130146]], [[0.02867791165773236], [-0.1334223203951686], [1.4803731917216432]], [[0.03653340289137671], [-0.12702461616073557], [1.4811321704979892]], [[0.048746137848577085], [-0.11413534581300805], [1.4801411864544511]], [[0.05024008558973433], [-0.11112750051776957], [1.47907591185876]], [[0.04997616569648343], [-0.10312257197228092], [1.4769131636457402]], [[0.04562510926231559], [-0.09032864594982574], [1.4775281571179881]], [[0.04214204118863273], [-0.07786954899396248], [1.479822198041356]], [[0.043895782184618426], [-0.07596459033337885], [1.4825843303762667]], [[0.044913629668179716], [-0.07579544437280063], [1.4851477503795385]], [[0.049363765901135295], [-0.07244977585607071], [1.4874025919268254]], [[0.057329159230200544], [-0.075870765861839], [1.4900221696142506]], [[0.23161399462393678], [0.2968024564881015], [-1.6653144158696316]]], "tvecs": [[[4.4552188614250925], [-9.58406825705813], [26.429301097505242]], [[4.33751719874003], [-9.264453689782433], [25.86785716554853]], [[0.5550111568695832], [-6.228723021074515], [28.040298289385237]], [[0.6791919598877197], [-6.453337542838073], [27.921965407123004]], [[0.7829506341415544], [-6.655752524150641], [27.795475170889638]], [[0.8666663692461827], [-6.838472042818495], [27.698165815988528]], [[1.0515213388110038], [-7.011115946155089], [27.803765917181714]], [[1.0048328523978678], [-6.895045389151997], [27.926287730155934]], [[0.9402937248119185], [-6.7565817360920235], [28.079638313228337]], [[0.8491078098907731], [-6.597058045426612], [28.235369695394123]], [[0.7511662787219445], [-6.4266959782346955], [28.42675652582934]], [[0.6442473029962394], [-6.23459769849871], [28.634970663064916]], [[-3.1739941735865527], [5.496333675880613], [33.01487221995372]], [[-3.1866517832839443], [5.577116897208508], [33.043224761767384]], [[1.1561720837401694], [-1.6576663237677502], [32.70036927696281]], [[1.149137670683322], [-1.3763979274310554], [32.76577318487797]], [[1.098202998685487], [-1.1460795225941638], [32.82186317054329]], [[1.0691965257732643], [-1.0689402358061886], [32.8560722400454]], [[1.0121703194880216], [-0.9271802858371998], [32.945767262965546]], [[1.0124082657720452], [-0.795605450112538], [33.087752174295716]], [[1.0635417919416583], [-0.6720689421186061], [33.21764046346047]], [[1.1082576215353528], [-0.6606393842476965], [33.22645466784096]], [[1.146365785489673], [-0.6656344383305202], [33.22984307706954]], [[1.1740004505555783], [-0.6876084625288632], [33.217630027101706]], [[1.1940046851744759], [-0.7207625193653239], [33.17091820793904]], [[-3.9721913098059676], [1.4634553499676533], [33.03520370871338]]]}